form_code,title,version,source_json,markdown_codebook,csv_codebook,rows
HHQ,Baseline Household Questionnaire,9 MAY 2026,outputs/pretsing-form-json/baseline_household_questionnaire_v2026.05.09.json,hhq_baseline_household_questionnaire_v9_may_2026_codebook.md,hhq_baseline_household_questionnaire_v9_may_2026_codebook.csv,105
WQ,Baseline Woman's Questionnaire,9 MAY 2026,outputs/pretsing-form-json/baseline_woman_s_questionnaire_v2026.05.09.json,wq_baseline_woman_s_questionnaire_v9_may_2026_codebook.md,wq_baseline_woman_s_questionnaire_v9_may_2026_codebook.csv,138
HRF,Household Rounds Form,14 MAY 2026,outputs/pretsing-form-json/household_rounds_form_v2026.05.14.json,hrf_household_rounds_form_v14_may_2026_codebook.md,hrf_household_rounds_form_v14_may_2026_codebook.csv,28
PEF,Pregnancy Enrollment Form,11 MAY 2026,outputs/pretsing-form-json/pregnancy_enrollment_form_v2026.05.11.json,pef_pregnancy_enrollment_form_v11_may_2026_codebook.md,pef_pregnancy_enrollment_form_v11_may_2026_codebook.csv,82
UF,Ultrasound Form,11 MAY 2026,outputs/pretsing-form-json/ultrasound_form_v2026.05.11.json,uf_ultrasound_form_v11_may_2026_codebook.md,uf_ultrasound_form_v11_may_2026_codebook.csv,23
PFF,Pregnancy Follow-Up Form,11 MAY 2026,outputs/pretsing-form-json/pregnancy_followup_form_v2026.05.11.json,pff_pregnancy_follow_up_form_v11_may_2026_codebook.md,pff_pregnancy_follow_up_form_v11_may_2026_codebook.csv,82
POF,Pregnancy Outcome Form,13 MAY 2026,outputs/pretsing-form-json/pregnancy_outcome_form_v2026.05.13.json,pof_pregnancy_outcome_form_v13_may_2026_codebook.md,pof_pregnancy_outcome_form_v13_may_2026_codebook.csv,78
BAF,Birth Assessment Form,13 MAY 2026,outputs/pretsing-form-json/birth_assessment_form_v2026.05.13.json,baf_birth_assessment_form_v13_may_2026_codebook.md,baf_birth_assessment_form_v13_may_2026_codebook.csv,80
SBF,Stillbirth Form,13 MAY 2026,outputs/pretsing-form-json/stillbirth_form_v2026.05.13.json,sbf_stillbirth_form_v13_may_2026_codebook.md,sbf_stillbirth_form_v13_may_2026_codebook.csv,18
NFF,Newborn Follow-Up Form,13 MAY 2026,outputs/pretsing-form-json/newborn_followup_form_v2026.05.13.json,nff_newborn_follow_up_form_v13_may_2026_codebook.md,nff_newborn_follow_up_form_v13_may_2026_codebook.csv,69
CDF,Child Death Form,13 MAY 2026,outputs/pretsing-form-json/child_death_form_v2026.05.13.json,cdf_child_death_form_v13_may_2026_codebook.md,cdf_child_death_form_v13_may_2026_codebook.csv,25
